order_dow,order_hour_of_day,orders
4,7,12493
4,8,21814
1,20,16281
5,12,35714
2,16,37541
6,14,38748
4,18,24425
4,0,2642
6,4,802
5,3,841
2,19,20084
3,23,5181
3,14,34773
1,4,809
3,6,4562
1,2,1105
3,12,33455
2,11,38128
5,10,38313
1,13,46728
6,13,37564
0,6,3329
2,3,719
2,9,36314
1,19,22145
6,7,11319
3,15,35990
6,17,30398
4,14,33625
5,19,18741
1,6,5370
4,22,8812
2,6,4758
0,13,53849
3,13,34161
4,12,32249
2,5,1399
6,3,863
1,9,51908
1,11,51584
4,11,33857
3,9,32312
6,22,8532
1,1,1830
2,7,13245
3,18,25001
0,8,28108
5,17,29955
5,14,37407
3,22,8242
0,5,1168
1,21,11943
2,18,26470
0,18,29572
5,15,37508
4,21,10796
4,17,29378
6,19,18346
3,0,2952
2,21,10653
5,2,1016
0,11,51035
2,17,32151
5,21,9515
3,3,654
3,19,19249
5,1,1672
4,6,4401
2,4,744
6,1,1919
6,0,3306
0,21,14423
5,16,35860
3,20,13795
4,13,32751
1,23,5620
0,0,3936
0,2,1409
3,7,12396
3,16,35273
1,18,28977
1,17,36792
5,5,1574
3,17,30368
2,23,5358
0,4,813
3,5,1355
5,13,36296
0,12,51443
3,1,1495
6,11,36994
0,9,40798
6,8,22960
1,7,16571
0,3,963
1,10,55671
2,12,35780
3,10,36040
4,16,34093
1,8,34116
1,5,1607
0,22,11246
3,11,35215
3,8,22553
0,20,18277
5,22,7498
5,7,13434
6,6,3243
3,2,953
1,3,748
1,16,44761
2,10,39230
5,18,24310
6,18,24157
4,4,730
4,9,31409
4,1,1512
5,23,5265
4,5,1330
0,16,49463
5,0,3189
5,8,24015
6,21,10501
6,9,30839
2,15,37469
2,1,1572
2,14,37173
1,12,47079
6,15,38093
6,23,6087
1,0,3674
0,17,39753
0,1,2398
3,4,719
2,2,943
5,20,13322
0,19,22654
4,10,35034
1,22,8992
3,21,10278
4,23,5645
6,20,13392
6,5,1136
5,4,910
4,15,34222
0,15,53954
0,10,48465
2,22,8146
0,23,6887
6,2,1214
6,10,35665
6,12,37121
6,16,35562
5,6,4866
0,7,12410
5,9,34232
2,13,36650
2,20,15039
1,15,46403
5,11,37915
4,19,19350
4,3,686
2,8,24635
1,14,46764
0,14,54552
4,20,14186
2,0,3059
4,2,899
